collection,texts,words,languages,period,origin_sample
ABU_French,33,999019,French,1480-1693,"ABU - la Bibliothèque Universelle (abu.cnam.fr), Boileau: Boileau — Le Lutrin"
ABaCus_Baroque,4,119281,German,1680-1693,ABaC:us: Abraham-Augustini_feuriges_Hertz (1693)
ADL_Danish,14,936123,Danish,1543-1681,"Arkiv for Dansk Litteratur (ADL) - DSL/KB TEI; kb-dk/public-adl-text-sources; Anders Arrebo, Hexaemeron / Lejlighedsdigt"
AbsentLangFill,138,3822838,"Church Slavonic,Arabic,Ruthenian,Romanian,Syriac,Sami,Lithuanian,Yiddish,Aramaic,Russian,Estonian",1478-1700,IA Biblia1688_201904 (1688)
AmadisCorpus_GH,35,97420,Spanish,1547-1547,GitHub Amadis-in-Translation: Montalvo_Amadis_1547_0.xml
AmadisDeGaula,1,636,Spanish,1508-1508,Wikisource es: Amadís Amadís de Gaula/Prólogo
ArmenianWS,1,142243,Armenian,1669-1669,hy.wikisource Patmutyun (Arakel Davrizhetsi)
Azerbaijani_WS,346,122211,Azerbaijani,1536-1536,az.Wikisource (I Şah Təhmasib — I Şah Təhmasib (sənədlər))
BDPN_Novohispano,9,53333,Spanish,1630-1690,BDPN novohispano: Almanaque y Lunario (última revisión) (1) (1685)
BVH_Epistemon_Print,46,1968888,French,1529-1616,"BVH Bibliotheques Virtuelles Humanistes / Epistemon (CESR Tours), TEI ed. via lb42/tei-fr: Champ fleury, Paris, 1529"
BalkanSlavic_Damaskini,1,44047,Bulgarian,1650-1650,"Damaskini (pre-standard Balkan Slavic), 17th c."
Bartoli_Correspondence,11,1371054,Italian,1562-1572,Bartoli letters & newsletters (1562)
BasqueKG,32,818721,Basque,1545-1696,Klasikoen Gordailua KG-tei -> AranbillagaImitazionea.sgml (Aranbillaga)
Belarusian_Skaryna,4,1775,Belarusian,1517-1519,"Harecki, Chrestomathy of Belarusian Literature 1922 (Skaryna preface to Judith, diplomatic period orthography)"
Bertonio_Aymara,23,74082,Aymara,1612-1612,"Bertonio, Vocabulario de la lengua aymara (Juli, 1612); keyed transcription Radio San Gabriel / ILLA-A / lenguandina.org"
BetaMasaheft_Geez,5,51400,Ge'ez,1555-1555,"Beta maṣāḥǝft Works (TEI), CC BY-SA 4.0 — Chronicle of Galāwdewos / Claudius (reign 1540-1559)"
BibAugustana,50,195974,Latin,1480-1650,BibAugustana: Chronologia/Lspost15/Celtis/cel_amo1.html
BibCerTxt,125,2373898,Spanish,,Biblioteca Cervantes
BretonNonn_Wikimammenn,1,12521,Breton,1492-1492,"Buhez Santez Nonn (Middle Breton, MS c.1492)"
BrievenAlsBuit,970,421272,Dutch,1661-1675,"Brieven als Buit / Letters as Loot, Leiden University (van der Wal, Rutten, Nobels, Simons) / INT; via brievenalsbuit.iv"
CET_Teatro16c_Portuguese,83,676876,Portuguese,1540-1540,CET 16c PT theatre: Afonso Álvares — Auto de Santa Bárbora
CHM_Mapudungun,7,25494,Mapudungun,1606-1643,Corpus Historico del Mapudungun (benmolineaux.github.io/bookshelf)
CIDTC,4614,1911266,"German,Latin,Polish,Spanish,Dutch,French,Czech,Italian",1500-1549,CIDTC editions.al.uw.edu.pl -> IDL0001.xml
CKCC_Epistolarium,27,7946427,"Latin,Dutch,French,English,German,Italian,Spanish",1629-1699,"CKCC: Caspar Barlaeus — Latin letters (504, ~1634)"
CORPUS17_French,15,149810,French,1622-1700,CORPUS17:  (1622)
Calvin_Institutio,162,1053747,"Latin,French",1559-1560,"calvin.reformation.nl Institutio christianae religionis (1559), Barth/Niesel ed.; base text PD"
Campanella_ATC,21,703209,"Italian,Latin",1595-1635,Archivio Tommaso Campanella (ILIESI-CNR)
Cavriana_Correspondence,1,45188,Italian,1580-1580,Cavriana correspondence (late 16th c)
CoDiAJe_JudeoSpanish,6,30953,Ladino,1564-1679,"CoDiAJe (Corpus Diacronico del Judeoespanol), LINDAT/TEITOK"
Colonia,20,1454490,Portuguese,1500-1691,Colonia (Hist. Portuguese)
Controversia_Confessio,138,1075246,"German,Latin",1548-1575,"Controversia et Confessio Digital (IEG/HAB), C&C Bd. 2 – Adiaphoristischer Streit; 05_-_Confessio_2332_-_Text"
Coqalane,57,83657,French,1508-1595,Huma-Num GitLab Coqalane: CAA13-Rescript_Esprit_Troublé.xml
Cornish_GwreansAnBys,1,12560,Cornish,1611-1611,"Gwreans an Bys (Cornish, MS 1611)"
Cornish_Tregear,13,38078,Cornish,1556-1556,"Tregear Homilies (Homelyes XIII in Cornysche), MS c.1555-57, BL Add MS 46397; Homily 10: The Supremacy (II); keyed trans"
CretanGreek_snhell,3,1736,Modern Greek,1590-1655,"Spoudastirio Neou Ellinismou (snhell.gr) anthology via Wayback; ed. Kritiki Lyriki Poiisi, Ermis 1999"
Czech_Kralice1613,66,597503,Czech,1613-1613,Bible kralická 1613: 1CH
Czech_tei2019,1,69891,Czech,1503-1503,"LekJadroBrn (Knihy lékařské, 1502-1503)"
DIACU_Bulgarian,24,221171,Bulgarian,1450-1650,"DIACU: Damascenus Troianensis (17th c., Damascus, Syria)"
DIGILIB_Armenian,18,532046,Armenian,1619-1699,"DIGILIB (Digital Library of Armenian Literature, AUA) book/122: Arakel Davrizhetsi, Tagher (poems)"
DISCO_SpanishSonnets,1,76564,Spanish,1600-1600,DISCO Golden Age minor-author sonnets
DOST_OlderScots,18,788698,Scots,1500-1500,DOST Older Scots: asloan
DRC_Romansh,5,143335,Romansh,1527-1565,DRC Vol V (Engadine 16th c.): Durich Chiampell
DSL_HenrikSmith,6,256557,Danish,1577-1577,DSL DSL_HenrikSmith: smith-h_1-laegebog-top-til-taa (1577)
DSL_Salmer,9,1194918,Danish,1529-1573,DSL DSL_Salmer: christian-3-bibel (1550)
DanishPostils,13,2289816,Danish,1540-1635,Zenodo DOI 10.5281/zenodo.7479443
DiBiLit_German,47,2135890,German,1517-1696,"DiBiLit: Das Friedejauchtzende Teutschland (rist, ~1645)"
DiBiPhil_Renaissance,3,175616,German,1530-1612,"DiBiPhil: Böhme, Aurora oder Morgenröte im Aufgang (1612)"
Diacronia_Romanian,4,5774,Romanian,1580-1600,Romanian Wikisource (ro.wikisource.org) keyed Old Romanian prints/mss
Diakorp_Czech,21,425831,Czech,1492-1662,"Diakorp: Fencl, Jan Mantuán: Rada zhovadilých zvířat (UK 54 E 127) (1 (1573)"
DissEd_PhDeditions,9,254491,"Latin,Italian,Occitan,French",1480-1698,"Histoire des Albigeois (anonymous Occitan prose chronicle, 2nd half 15th c.), critical edition (ms P / Paris BnF witness"
DoctrinaLima1584_Quechua,17,6649,Quechua,1600-1600,"runasimi.de (Waruchiri qillqašqa, orig. orthography); Huarochirí Manuscript ca.1600, Quechua"
ELAN_crenum,5,192178,French,1515-1515,ÉLAN crenum: Livre_I
ELAN_fnvr,4,78532,French,1500-1500,ÉLAN fnvr: amantDesconforte
ELAN_polygrenaille,1,77536,French,1642-1642,ÉLAN polygrenaille: grenaille_la_mode
EMLAP,94,4548087,Latin,1518-1644,EMLAP: Actio medica (1596)
EMMO_Folger,1,40606,English,1620-1620,"EMMO (Folger), 100 manuscript transcriptions"
EMOTHE,47,842260,"Spanish,English,French,Italian,Portuguese",1517-1656,"EMOTHE/EMOTHE0002: Maria Grazia Profeti, ed. — ARTE NUEVO DE HACER COMEDIAS EN ESTE TIEMPO"
EarlyModernGreek_CLARINEL,5,152215,Modern Greek,1520-1646,CLARIN:EL 1210: Cretan notary acts (Visvizis)
Epistemon,70,3061651,French,,Epistemon (BVH)
Estilometria_SigloOro,371,7188629,Spanish,1600-1645,Siglo de Oro Comedias: Aguilar — elmercaderamante (~1600)
EthicaComplementoria,8,73680,German,1643-1665,Ethica Complementoria project: Cochleatio Novissima (1656)
FAMSI_Bolles_YucatecMaya,24,73544,Yucatec Maya,1557-1580,"FAMSI/David Bolles Combined Dictionary-Concordance report 96072, textsrc section01.htm (Chilam Balam: U Kaba Kin / calen"
FabulasMito_GH,4,17984,Spanish,1620-1620,Fábula mitológica: Carrillo_acis
FabulasMitologicas,26,164959,Spanish,1620-1620,Fábulas mitológicas: Barahona_acteon
FallOfConstantinople_Arranz,2,29847,Church Slavonic,1561-1585,"Arranz/obdurodon: Fall of Constantinople, witness HM280 (1585)"
FilologiaSarda_Sardinian,4,10596,Sardinian,1573-1597,"Centro di Studi Filologici Sardi - Antonio Lo Frasso, Los diez libros de Fortuna de amor (ed. A. Murtas), filologiasarda"
FlorentineCodex_Nahuatl,12,290869,Nahuatl,1577-1577,"Zenodo 7213020 (Sahagun, Florentine Codex, Nahuatl column; CC-BY 4.0)"
Fornsvenska_Swedish,5,95194,Swedish,1536-1674,"Fornsvenska textbanken / Nysvenska annexet (Nordlund, Lund University), keyed Early Modern Swedish, CC-BY-4.0"
Fran_Slovenian16c,45,3380332,Slovenian,1550-1595,"Fran Korpus 16 (ISJFR ZRC SAZU) — DAg 1585: Jurij Dalmatin, AGENDA (1585); double-keyed transcription; fran.si/korpus16/"
Fuerstinnenkorrespondenz,1,23824,German,1568-1568,"Fürstinnenkorrespondenz (early-modern German princely women's letters, 16c)"
GAMS_BaselRecords,76,926956,German,1535-1610,GAMS Basel: Basel Jahrrechnung (municipal account book) (1535)
Galileo_Opere_Favaro,4,97354,"Italian,Latin",1611-1633,"it.wikisource.org Le opere di Galileo Galilei (Edizione Nazionale, Favaro), Page-namespace proofread text"
Gallicorpora_French_HTR,68,601671,"French,Latin",1518-1697,"CREMMA-16-17-print / HTR-United (early print, diplomatic GT sample, CC-BY)"
GanjoorPersian,41,4810638,Persian,1466-1700,Ganjoor /abolhasan (ابوالحسن فراهانی)
GeMi_Midwifery,12,105188,German,1500-1690,GeMi: ArtzneybuchRAW (1595)
GerManC,117,230403,German,1654-1700,GerManC drama 1657
Gilberti_Purepecha,1,14264,Purépecha,1559-1559,"IA vocabularioenlen00gilb (Gilberti, Vocabulario en lengua de Mechuacan, Juan Pablos, Mexico 1559; Purepecha/Tarascan he"
GitHubTEI,3,36856,Spanish,1612-1627,GitHub arojascastro/soledades: edicion/anotada/input/soledades_anotada.xml
GlasgowEmblems,5963,549460,"Latin,Spanish,Italian,French,German",1531-1621,Glasgow University Emblem Website (emblems.arts.gla.ac.uk)
Gondomar_Galician,31,11031,Galician,1594-1697,"Gondomar. Corpus dixital de textos galegos da Idade Moderna (ILG, USC)"
GongoraObra_OBVIL,2,59121,Spanish,1605-1610,Góngora: comediavenatoria (1605)
GutorGlyn_Welsh,91,30864,Welsh,1450-1497,"Guto'r Glyn.net critical edition (gutorglyn.net), University of Wales Centre for Advanced Welsh and Celtic Studies, CC B"
Hakluyt_English,16,1998956,English,1599-1599,"Project Gutenberg (keyed) — Hakluyt, Principal Navigations (1598-1600), MacLehose 12-vol repr."
Hexenverhoer_SiGS,55,85441,German,1570-1665,Hexenverhörprotokoll Ahaus1608
HistCorp_Swedish,49,5641945,Swedish,1450-1700,HistCorp fornsvenska: Agneta Horns levnadsbeskrivning (1657)
Huarochiri_Quechua_full,17,11586,Quechua,1608-1608,"Taylor (ed.) 1987, Ritos y tradiciones de Huarochirí (Manuscrito quechua ca.1608, versión paleográfica reconstituida fon"
HumaNumGitLab,77,1816659,"French,Spanish,Latin",1474-1700,Huma-Num GitLab aechavarria/skosinquisition: TEItoCSV/Cazalla_MenendesPelayo_AFE.xml
HungarianCorpus,74,3023383,Hungarian,1450-1532,Hungarian historical
IMPACTes_OriginalImprint,14,1962810,Spanish,1543-1691,"IMPACT-es original imprint: Calderón, Obras (1640)"
IMP_Slovene,2,27084,Slovenian,1584-1695,CLARIN.SI 11356/1031 IMP -> ZRC_00001-1584-ana.xml (Jurij Dalmatin)
IcePaHC_Icelandic,21,283630,Icelandic,1450-1680,"IcePaHC: aevintyri (1475, religious narrative)"
Izbornyk_Ukrainian,155,345998,Ukrainian,1575-1697,Izbornyk / litopys.org.ua (Іван Величковський)
Kirishitan_Japanese,4,154229,Japanese,1592-1603,"NINJAL Text Data Sets for Research on the History of Japanese (CC-BY-4.0); Amakusa ed., British Library Or.59.aa.1"
KorBa_Polish,99,90943,Polish,1603-1699,KorBa:  (1603)
KorBa_Polish_full17c,37,11252,Polish,1609-1700,KorBa — Korpus polszczyzny XVII i XVIII w. (IJP PAN): Agenda albo forma porządku usługi świętej / Anonim (1637)
KorbaText,666,327583,Polish,1670-1670,KorbaText
Kronieken_Dutch,20,1431218,Dutch,1499-1574,"Kroniek: Anteykeningen, gedaen van Broer Hendrik van Biesten, (1567)"
Lampeter_English,74,723592,English,1641-1700,"Oxford Text Archive 20.500.12024/3193 (TEI, CC BY-SA 3.0)"
Litteraturbanken_Swedish,7,114226,Swedish,1611-1649,"Litteraturbanken / lb-open (Bele-Snack, tryckt Abo 1649; CC-BY)"
MGTSZ_AporCodex,1,23332,Hungarian,1500-1500,"MGTSZ Old Hungarian Corpus (oldhungariancorpus.nytud.hu), Apor Codex, original orthography (betuhu)"
Maltese_Cantilena,1,135,Maltese,1470-1470,OAR@UM / UNESCO (Wettinger-Fsadni diplomatic edition)
Mambrino,7,1461652,Italian,1530-1565,Zenodo 10.5281/zenodo.11398260: Sferamundi 2
MercureGalant,26,4216289,French,1672-1700,Mercure Galant 1672 (1 issues)
Mercurius_Baumbank,2,187423,German,1597-1667,Mercurius-Baumbank 1597
Montoya_Guarani,36,41109,Guaraní,1639-1640,"Antonio Ruiz de Montoya, Arte de la lengua guarani (1640), reprint 1876 (Internet Archive); Guarani example phrases extr"
MuyscCubun_Muisca,13,42662,Muisca,1612-1619,"Muysc cubun (muysca.cubun.org) – Bernardo de Lugo, Gramática en la lengua general del Nuevo Reyno (1619), keyed transcri"
Nahuatl_depth,94,36506,Nahuatl,1559-1695,"Early Nahuatl Library (enl.wired-humanities.org/1559hask), S. Wood ed.; Nahuatl analytic transcription (J. Lockhart et a"
Nakala,109,2904654,"French,Latin",1458-1698,"Nakala (Huma-Num, nakala.fr)"
Norman_MuseNormande,38,153528,Norman,1638-1652,"David Ferrand, La Muse normande (A. Heron ed.; Internet Archive djvu OCR of print); 17c Rouen Norman dialect verse"
OBVIL_French,3,73996,French,1557-1694,OBVIL: la-bruyere_ouvrages-esprit_1694 (1694)
OBVIL_HaineTheatre,85,1162096,French,1541-1698,Haine du théâtre: adibert_avis_1687
ODE_CorderegraSpanish,138,203336,Spanish,1509-1700,CORDEREGRA Granada: Acuchillamiento de un alguacil y fuga de un  (1639)
OSTA,375,21519708,"Spanish,Aragonese,Latin",1450-1674,OSTA Zenodo 18931376 -> TEXT.2CR
Occitan_1000ans,57,22599,Occitan,1456-1617,"Occitan Wikisource (Canoniga dels comtes de Foix, Arnaud Esquerrier)"
OpenEDGeS_DutchBibles,8,6756875,Dutch,1477-1648,Dutch Bible: Biestkens (1560)
OpenEDGeS_GermanBibles,2,348517,German,1460-1661,German Bible: Mainzer (1661)
Otomi_mission,27,4365,Otomí,,"Sup-Infor / David Charles Wright Carr paleography (2002, rev. 2011); BNAH Testimonios Pictográficos 35-60"
PCEEC2,81,2429178,English,1462-1679,PCEEC2: allen (1579-1593)
PPCHY_Yiddish,25,46634,Yiddish,1478-1697,"Penn Parsed Corpus of Historical Yiddish (Santorini 2021, CC BY-NC-SA 4.0)"
Passiusalmar_Icelandic,50,23536,Icelandic,1666-1666,"Hallgrímur Pétursson, Passíusálmar (1666); keyed text via hallgrimurpetursson.is (Árnastofnun/Landsbókasafn–Háskólabókas"
PolemicaGongorina_OBVIL,30,263434,Spanish,1613-1662,Polémica Gongorina: advertencias (1614)
Porzio_CongiuraBaroni,1,49439,Italian,1565-1565,"Porzio, La congiura de' Baroni (~1565)"
QHOD,17,21296,"Ottoman Turkish,Latin",1570-1600,"Zenodo DOI 10.5281/zenodo.14449603 (Stephan Kurz, OEAW/ACDH)"
REED_English,1538,355821,"English,Latin,Italian",1450-1643,"REED Online (Records of Early English Drama, ereed.org, CC-BY-NC-SA)"
RIALC_Catalan,20,220010,Catalan,1455-1490,"RIALC: Antoni Vallmanya (~1455, 7 poems)"
RIN_ConDE,4,2539837,French,1539-1678,"RIN-ConDE: Basnage, Coutume de Normandie (1678)"
RUP_Folger,20,3428,English,1620-1620,RUP Folger: rup_000001_va103_1_002v
ReF_ENHG,144,2440564,German,1450-1625,"ReF: 6. Dresdner Stadtbuch (16,1)"
ReNLowGerman,137,1475279,German,1450-1699,ReN Low German Agneta_Willeken.xml (1535)
RhythmicCorpus_SGA,117,1454447,Spanish,1620-1620,Zenodo DOI 10.5281/zenodo.17537343 (Álvaro Cuéllar)
Russian_Ulozhenie1649,1,89869,Russian,1649-1649,Соборное уложение 1649 года (Muscovite law code)
SENIE_Latvian,156,2476220,Latvian,1507-1699,CLARIN-LV SENIE 20.500.12574/141 -> rec 0 (nezināms)
SERMO,62,521919,French,1600-1600,SERMO (sermons)
SMI_ItalianMusic,3,62023,Italian,1599-1599,"Saggi Musicali Italiani (chmtl.indiana.edu/smi), Bottrigari, Il Trimerone, Bologna Civico Museo Bibliografico Musicale M"
SPXVI_Polish16c,187,6962996,Polish,1500-1601,SPXVI:  —  (1560)
SSRQ_SwissLaw,7,1058858,German,1500-1644,"SSRQ FR_I_2_8 (1493-1695, 2469 docs)"
Salamanca,18,4271105,"Spanish,Latin",1522-1648,github digicademy/svsal-tei -> W0002.xml
SloveneIMP,2,14669,Slovenian,1584-1695,"CLARIN.SI IMP ZRC_00001-1584-ana.xml: Dalmatin, Jurij (1584)"
SonetosSiglodeOro,5078,466011,Spanish,,Sonetos del Siglo de Oro
SpanishGitHubGoldenAge,26,165232,Spanish,1620-1620,GitHub arojascastro/fabulasmitologicas
SpanishGoldenAgeProse_WS,26,46483,Spanish,1613-1651,Wikisource es: El Criticón - El Criticón/Índice general
Suriano_Correspondence,11,1132668,Italian,1616-1623,Suriano correspondence vol 02 (~1616)
TBSO_GH,40,47933,Spanish,1640-1640,TBSO: ARM_agujetero_fingido
TMI_SMI_Italian,41,2029235,Italian,1525-1649,"SMI Saggi Musicali Italiani (Indiana CHMTL), via Internet Archive Wayback"
TMK,1178,341772,Hungarian,1532-1700,TMK Történeti magánéleti korpusz (ARP hdl:21.15109/ARP/KPFUAG)
TML,219,1789274,Latin,1475-1650,github cmm2209/TMLr/15th/ANO10DEM.html
Tagalog_Doctrina1593,12,2018,Tagalog,1593-1593,"Doctrina Christiana (Manila 1593), Lessing J. Rosenwald Collection facsimile, keyed transcription via Project Gutenberg "
TextGrid_German,530,8745487,German,1494-1700,"TextGrid Digitale Bibliothek (editura.de, CC-BY-3.0)"
TheatreClassique,2,29912,French,1659-1697,Théâtre Classique: dorimond_festindepierre (1659)
Thornton_Kikongo,2,7024,Kikongo,1624-1649,"Doutrina Christãa (Mateus Cardoso, Lisbon 1624), first printed Bantu-language book; original 1624 Kikongo text from Bont"
Ticha_Zapotec,229,73928,Zapotec,1578-1666,"Ticha (HCDigitalScholarship/ticha-xml-tei, CC-BY-SA) - Aguero, Miscelaneo Espiritual en el idioma zapoteco, 1666; Zapote"
Translatoscope_NeoLat,8,46329,Latin,1460-1580,Translatoscope: Les_Nuees / Alessandro da Otranto (1470)
Tupi_Anchieta,5,2432,Tupi,1618-1645,"Wikisource (multilingual) proofread — Anchieta, Poemas (lingua tupi); 16th-c composition, modern ed.; undated 16th-c com"
TychoBrahe_Portuguese,16,616264,Portuguese,1524-1696,"Tycho Brahe Parsed Corpus of Historical Portuguese (tycho.iel.unicamp.br) — Almeida, João Ferreira de: Novo Testamento: "
VAKK_Estonian,83,646452,Estonian,1524-1700,VAKK Corpus of Old Literary Estonian (vakk.ut.ee/tekstid.php?kood=1524-Kullamaa)
VKS_OldLiteraryFinnish,56,2745991,Finnish,1543-1700,Kielipankki Korp (Corpus of Old Literary Finnish / VKS_AGRICOLA); CC BY-ND; CLARIN PUB; Mikael Agricola: Abckiria (1543)
VespasianoLetters,1,33623,Italian,1480-1480,"Vespasiano da Bisticci, Letters (15th c.)"
Vietnamese_deRhodes,8,53364,Vietnamese,1651-1651,"Vietnamese Wikisource (proofread keyed transcription of Cathechismus, Rome 1651)"
WelshHCWL,18,276280,Welsh,1487-1700,HCWL celticstudies.net mirror -> b1588.xml
WiN_LowGermanIncunabula,6,27584,German,1480-1480,WiN Low German incunable: Dracole (c.1480)
WolfenbuettelPostil_Lithuanian,1,131626,Lithuanian,1573-1573,"Wolfenbüttel Postil (1573), Old Lithuanian"
ZlatyFond_Slovak,14,61219,Slovak,1636-1636,Zlatý fond SME (zlatyfond.sme.sk) via Internet Archive Wayback Machine
roPsalt_Romanian,903,188849,Romanian,1510-1589,"RoPsalt (github.com/mmoruz/RoPsalt) — 16th-c Slavonic-Romanian Psalters Digital Corpus, Univ. Al. I. Cuza Iași"
roWikisource_Romanian,14,291341,Romanian,1521-1686,ro.wikisource.org · De neamul moldovenilor
